{"cameraMode":{"drawMode":0,"name":"Shaded","section":"Shading Mode"},"sceneLighting":true,"audioPlay":false,"sceneViewState":{"showFog":false,"showMaterialUpdate":false,"showSkybox":true,"showFlares":false,"showImageEffects":false,"showParticleSystems":false},"in2DMode":false,"pivot":{"x":26.230506896972658,"y":6.760463714599609,"z":42.31386947631836},"rotation":{"x":0.08156821876764298,"y":-0.8435711860656738,"z":0.1339721530675888,"w":0.5136046409606934},"size":1.346083164215088,"orthographic":false}