{"cameraMode":{"drawMode":0,"name":"Shaded","section":"Shading Mode"},"sceneLighting":true,"audioPlay":false,"sceneViewState":{"showFog":false,"showMaterialUpdate":false,"showSkybox":true,"showFlares":false,"showImageEffects":false,"showParticleSystems":false},"in2DMode":false,"pivot":{"x":18.427902221679689,"y":5.673449516296387,"z":34.74409866333008},"rotation":{"x":8.184345006156946e-7,"y":-0.8179868459701538,"z":-5.825098696732312e-7,"w":0.5752426385879517},"size":2.5539166927337648,"orthographic":false}