{"cameraMode":{"drawMode":0,"name":"Shaded","section":"Shading Mode"},"sceneLighting":true,"audioPlay":false,"sceneViewState":{"showFog":false,"showMaterialUpdate":false,"showSkybox":true,"showFlares":false,"showImageEffects":false,"showParticleSystems":false},"in2DMode":false,"pivot":{"x":17.73350715637207,"y":5.384108543395996,"z":41.214599609375},"rotation":{"x":0.06827674061059952,"y":-0.5348382592201233,"z":0.04341644421219826,"w":0.8410748839378357},"size":2.5539166927337648,"orthographic":false}