{"cameraMode":{"drawMode":0,"name":"Shaded","section":"Shading Mode"},"sceneLighting":false,"audioPlay":false,"sceneViewState":{"showFog":false,"showMaterialUpdate":false,"showSkybox":false,"showFlares":false,"showImageEffects":false,"showParticleSystems":false},"in2DMode":false,"pivot":{"x":4.630772113800049,"y":11.490904808044434,"z":-1.1832847595214844},"rotation":{"x":-0.09952639043331146,"y":-0.1265161782503128,"z":0.012758729048073292,"w":-0.9868780970573425},"size":17.22273826599121,"orthographic":false}