{"cameraMode":{"drawMode":0,"name":"Shaded","section":"Shading Mode"},"sceneLighting":false,"audioPlay":false,"sceneViewState":{"showFog":false,"showMaterialUpdate":false,"showSkybox":false,"showFlares":false,"showImageEffects":false,"showParticleSystems":false},"in2DMode":false,"pivot":{"x":-2.023622989654541,"y":1.764893889427185,"z":-2.9824328422546388},"rotation":{"x":-0.10467985272407532,"y":0.8937469124794006,"z":-0.3351948857307434,"w":-0.2791135013103485},"size":21.943092346191408,"orthographic":false}