{"cameraMode":{"drawMode":0,"name":"Shaded","section":"Shading Mode"},"sceneLighting":false,"audioPlay":false,"sceneViewState":{"showFog":false,"showMaterialUpdate":false,"showSkybox":false,"showFlares":false,"showImageEffects":false,"showParticleSystems":false},"in2DMode":false,"pivot":{"x":1.3343980312347413,"y":1.3726396560668946,"z":-2.852679491043091},"rotation":{"x":-0.18774530291557313,"y":0.06682869791984558,"z":-0.012804231606423855,"w":-0.9798595309257507},"size":4.484557151794434,"orthographic":false}