{"cameraMode":{"drawMode":0,"name":"Shaded","section":"Shading Mode"},"sceneLighting":false,"audioPlay":false,"sceneViewState":{"showFog":false,"showMaterialUpdate":false,"showSkybox":false,"showFlares":false,"showImageEffects":false,"showParticleSystems":false},"in2DMode":false,"pivot":{"x":9.339581489562989,"y":-0.8876732587814331,"z":8.460344314575196},"rotation":{"x":-0.26414722204208376,"y":0.6776407957077026,"z":-0.287149041891098,"w":-0.623359203338623},"size":19.392902374267579,"orthographic":false}