{"cameraMode":{"drawMode":0,"name":"Shaded","section":"Shading Mode"},"sceneLighting":false,"audioPlay":false,"sceneViewState":{"showFog":false,"showMaterialUpdate":false,"showSkybox":false,"showFlares":false,"showImageEffects":false,"showParticleSystems":false},"in2DMode":false,"pivot":{"x":1.3154709339141846,"y":25.28105926513672,"z":-2.1437315940856935},"rotation":{"x":0.3674505054950714,"y":-0.04879886656999588,"z":0.019310086965560914,"w":0.9285659193992615},"size":24.427453994750978,"orthographic":false}