{"cameraMode":{"drawMode":0,"name":"Shaded","section":"Shading Mode"},"sceneLighting":false,"audioPlay":false,"sceneViewState":{"showFog":false,"showMaterialUpdate":false,"showSkybox":false,"showFlares":false,"showImageEffects":false,"showParticleSystems":false},"in2DMode":false,"pivot":{"x":0.140436053276062,"y":1.0407719612121583,"z":10.000000953674317},"rotation":{"x":-0.26414722204208376,"y":0.6776407957077026,"z":-0.287149041891098,"w":-0.623359203338623},"size":1.9352566003799439,"orthographic":false}