{"cameraMode":{"drawMode":0,"name":"Shaded","section":"Shading Mode"},"sceneLighting":false,"audioPlay":false,"sceneViewState":{"showFog":false,"showMaterialUpdate":false,"showSkybox":false,"showFlares":false,"showImageEffects":false,"showParticleSystems":false},"in2DMode":false,"pivot":{"x":0.6463842391967773,"y":2.520042657852173,"z":-2.384185791015625e-7},"rotation":{"x":-0.26414722204208376,"y":0.6776407957077026,"z":-0.287149041891098,"w":-0.623359203338623},"size":3.584556818008423,"orthographic":false}