{"cameraMode":{"drawMode":0,"name":"Shaded","section":"Shading Mode"},"sceneLighting":false,"audioPlay":false,"sceneViewState":{"showFog":false,"showMaterialUpdate":false,"showSkybox":false,"showFlares":false,"showImageEffects":false,"showParticleSystems":false},"in2DMode":false,"pivot":{"x":9.900835037231446,"y":0.3269999623298645,"z":10.01714038848877},"rotation":{"x":-0.18649199604988099,"y":0.1313069462776184,"z":-0.025158550590276719,"w":-0.9733185768127441},"size":0.8663784861564636,"orthographic":false}