{"cameraMode":{"drawMode":0,"name":"Shaded","section":"Shading Mode"},"sceneLighting":false,"audioPlay":false,"sceneViewState":{"showFog":false,"showMaterialUpdate":false,"showSkybox":false,"showFlares":false,"showImageEffects":false,"showParticleSystems":false},"in2DMode":false,"pivot":{"x":0.5983802080154419,"y":1.2430284023284913,"z":9.240280151367188},"rotation":{"x":-0.1904495507478714,"y":0.3549855351448059,"z":-0.07410835474729538,"w":-0.9122640490531921},"size":1.9352566003799439,"orthographic":false}