{"cameraMode":{"drawMode":0,"name":"Shaded","section":"Shading Mode"},"sceneLighting":false,"audioPlay":false,"sceneViewState":{"showFog":false,"showMaterialUpdate":false,"showSkybox":false,"showFlares":false,"showImageEffects":false,"showParticleSystems":false},"in2DMode":false,"pivot":{"x":-0.5060348510742188,"y":2.807032585144043,"z":21.197410583496095},"rotation":{"x":-0.11946047842502594,"y":0.09574947506189347,"z":-0.01157512329518795,"w":-0.9881447553634644},"size":4.979948043823242,"orthographic":false}