{"cameraMode":{"drawMode":0,"name":"Shaded","section":"Shading Mode"},"sceneLighting":false,"audioPlay":false,"sceneViewState":{"showFog":false,"showMaterialUpdate":false,"showSkybox":false,"showFlares":false,"showImageEffects":false,"showParticleSystems":false},"in2DMode":false,"pivot":{"x":12.375550270080567,"y":-18.970659255981447,"z":67.47652435302735},"rotation":{"x":0.13637667894363404,"y":-0.01040621567517519,"z":0.001431844662874937,"w":0.990605890750885},"size":43.605342864990237,"orthographic":false}