{"cameraMode":{"drawMode":0,"name":"Shaded","section":"Shading Mode"},"sceneLighting":false,"audioPlay":false,"sceneViewState":{"showFog":false,"showMaterialUpdate":false,"showSkybox":false,"showFlares":false,"showImageEffects":false,"showParticleSystems":false},"in2DMode":false,"pivot":{"x":0.6735051870346069,"y":0.020865440368652345,"z":7.7819976806640629},"rotation":{"x":-0.012405529618263245,"y":0.9503960013389587,"z":-0.3084351122379303,"w":-0.038225606083869937},"size":10.0,"orthographic":false}