{"cameraMode":{"drawMode":0,"name":"Shaded","section":"Shading Mode"},"sceneLighting":false,"audioPlay":false,"sceneViewState":{"showFog":false,"showMaterialUpdate":false,"showSkybox":false,"showFlares":false,"showImageEffects":false,"showParticleSystems":false},"in2DMode":false,"pivot":{"x":3.255308151245117,"y":15.683550834655762,"z":-2.0506582260131838},"rotation":{"x":0.006443706341087818,"y":0.8024694919586182,"z":-0.5966134071350098,"w":0.008669784292578698},"size":10.0,"orthographic":false}